Librarian,LibrarianUser,3,librarianpass

Librarian,LibrarianUser,3,librarianpass,<data_loader.DataMover object at 0x10340e590>
Librarian,LibrarianUser,3,librarianpass,<data_loader.DataMover object at 0x101629a10>
Librarian,LibrarianUser,3,librarianpass,<data_loader.DataMover object at 0x106d299d0>
Librarian,LibrarianUser,3,librarianpass,<data_loader.DataMover object at 0x104b2a590>
Librarian,LibrarianUser,3,librarianpass,<data_loader.DataMover object at 0x100e8e6d0>
Librarian,LibrarianUser,3,librarianpass,<data_loader.DataMover object at 0x100fe1a10>
Librarian,LibrarianUser,3,librarianpass,<data_loader.DataMover object at 0x1036da590>
Librarian,LibrarianUser,3,librarianpass,<data_loader.DataMover object at 0x1050366d0>
